{
    "images":
    {
        "title":
        {
            "image" : "modpack:logo.png",
            "posX" : -100,
            "posY" : 0,
            "width" : 200,
            "height" : 65,
            "alignment" : "top_center"
        }
    },
    
    "buttons":
    {
        "singleplayer":
        {
            "text" : "menu.singleplayer",
            "posX" : -90,
            "posY" : 130,
			"texture" : "modpack:button.png",
			"hoverTextColor" : 3100353,
            "width" : 180,
            "height" : 20,
			"imageWidth" : 220,
			"imageHeight" : 30,
			"alignment" : "top_center",
            "action" : 
            {
                "type" : "openGui",
                "gui" : "singleplayer"
            }
        },
        
        "multiplayer":
        {
            "text" : "menu.multiplayer",
            "posX" : -90,
            "posY" : 157,
			"texture" : "modpack:button.png",
			"hoverTextColor" : 3100353,
            "width" : 180,
            "height" : 20,
			"imageWidth" : 220,
			"imageHeight" : 30,
			"alignment" : "top_center",
            "action" : 
            {
                "type" : "openGui",
                "gui" : "multiplayer"
            }
        },
        
        "mods":
        {
            "text" : "fml.menu.mods",
            "posX" : -90,
            "posY" : 184,
            "texture" : "modpack:button.png",
			"hoverTextColor" : 3100353,
            "width" : 180,
            "height" : 20,
			"imageWidth" : 220,
			"imageHeight" : 30,
			"alignment" : "top_center",
            "action" : 
            {
                "type" : "openGui",
                "gui" : "mods"
            }
        },
            
        "options":
        {
            "text" : " ",
            "posX" : -96,
            "posY" : -30,
			"texture" : "modpack:sett.png",
			"hoverTextColor" : 16748368,
            "width" : 25,
            "height" : 25,
			"imageWidth" : 200,
			"imageHeight" : 200,
			"alignment" : "bottom_right",
            "action" : 
            {
                "type" : "openGui",
                "gui" : "options"
            }
        },
        
        "quit":
        {
            "text" : " ",
            "posX" : -28,
            "posY" : -30,
			"texture" : "modpack:quit6.png",
			"hoverTextColor" : 16748368,
            "width" : 25,
            "height" : 25,
			"imageWidth" : 200,
			"imageHeight" : 200,
			"alignment" : "bottom_right",
            "action" : 
            {
                "type" : "quit"
            }
        },
        
        "language":
        {
            "text" : "",
            "posX" : -62,
            "posY" : -30,
			"texture" : "modpack:lang3.png",
			"hoverTextColor" : 16748368,
            "width" : 25,
            "height" : 25,
			"imageWidth" : 200,
			"imageHeight" : 200,
			"alignment" : "bottom_right",
            "action" : 
            {
                "type" : "openGui",
                "gui" : "languages"
            }
        },
		
		"all":
        {
            "text" : " ",
			"tooltip" : "Other jobs",
            "posX" : 5,
            "posY" : -35,
			"texture" : "modpack:all.png",
            "width" : 30,
            "height" : 30,
			"imageWidth" : 150,
			"imageHeight" : 150,
			"alignment" : "bottom_left",
            "action" : 
            {
                "type" : "openLink",
                "link" : "https://ru-minecraft.ru/user/Allman/news/"
            }
        },
		
		"optifine":
        {
            "text" : "OptiFine",
			"textOffsetX" : 8,
			"tooltip" : "Download OptiFine",
            "posX" : 45,
            "posY" : -31,
			"texture" : "modpack:opt.png",
			"hoverTextColor" : 3100353,
            "width" : 90,
            "height" : 23,
			"imageWidth" : 120,
			"imageHeight" : 30,
			"alignment" : "bottom_left",
            "action" : 
            {
                "type" : "openLink",
                "link" : "https://optifine.net/downloads"
            }
        },
		
		"ss":
        {
            "text" : " ",
			"tooltip" : "Saudade Studio",
            "posX" : -20,
            "posY" : 57,
			"texture" : "modpack:ss.png",
            "width" : 40,
            "height" : 60,
			"imageWidth" : 190,
			"imageHeight" : 309,
			"alignment" : "top_center",
            "action" : 
            {
                "type" : "openLink",
                "link" : "https://vk.com/saudade_mine"
            }
        },
        
        "refresh":
        {
            "text" : "",
            "posX" : -2550,
            "posY" : 132,
            "width" : 20,
            "height" : 20,
            "texture" : "custommainmenu:textures/gui/buttons.png",
            "action" : 
            {
                "type" : "refresh"
            }
        }
    },
    
    "other":
    {
        
        "background":
        {
            "image" : "modpack:fonn2.png",
            "mode" : "fill"
        }
    }
}