{
    "ambientocclusion": true,
    "parent": "block/block",
    "textures": {
	"stem": "aether_legacy:blocks/berry_bush_stem",
	"bush": "aether_legacy:blocks/berry_bush",
        "particle": "aether_legacy:blocks/berry_bush"
    },
    "elements": [
        {   "from": [ 0, 0, 0 ],
            "to": [ 16, 16, 16 ],
            "shade": true,
            "faces": {
                "north": { "uv": [ 0, 0, 16, 16 ], "texture": "#bush" },
                "south": { "uv": [ 0, 0, 16, 16 ], "texture": "#bush" },
                "west": { "uv": [ 0, 0, 16, 16 ], "texture": "#bush" },
                "east": { "uv": [ 0, 0, 16, 16 ], "texture": "#bush" },
                "up": { "uv": [ 0, 0, 16, 16 ], "texture": "#bush" },
                "down": { "uv": [ 0, 0, 16, 16 ], "texture": "#bush" }
            }
        },
        {   "from": [ 0.8, 0, 8 ],
            "to": [ 15.2, 16, 8 ],
            "rotation": { "origin": [ 8, 8, 8 ], "axis": "y", "angle": 45, "rescale": true },
            "shade": true,
            "faces": {
                "north": { "uv": [ 0, 0, 16, 16 ], "texture": "#stem" },
                "south": { "uv": [ 0, 0, 16, 16 ], "texture": "#stem" }
            }
        },
        {   "from": [ 8, 0, 0.8 ],
            "to": [ 8, 16, 15.2 ],
            "rotation": { "origin": [ 8, 8, 8 ], "axis": "y", "angle": 45, "rescale": true },
            "shade": true,
            "faces": {
                "west": { "uv": [ 0, 0, 16, 16 ], "texture": "#stem" },
                "east": { "uv": [ 0, 0, 16, 16 ], "texture": "#stem" }

            }
        }
    ]
}
