{
  "type": "create:mechanical_crafting",
  "pattern": [
    " CRC ",
    "CLILC",
    "RLSLR",
    "CLILC",
    " CRC "
  ],
  "key": {
    "I": {
      "item": "create:shadow_steel"
    },
    "C": {
      "tag": "steampowered:ingots/cast_iron"
    },
    "R": {
      "item": "create:refined_radiance"
    },
    "S": {
      "item": "create:shaft"
    },
    "L": {
      "tag": "forge:plates/copper"
    }
  },
  "result": {
    "item": "steampowered:alternator"
  }
}