{
  "type": "pneumaticcraft:pressure_chamber",
  "inputs": [
    {
      "type": "pneumaticcraft:stacked_item",
      "item": "pneumaticcraft:advanced_pcb",
      "count": 4
    },
    {
       "type": "pneumaticcraft:stacked_item",
      "item": "electrodynamics:circuitadvanced",
      "count": 2
    },
    {
       "type": "pneumaticcraft:stacked_item",
      "item": "pneumaticcraft:plastic",
      "count": 2
    }	
  ],
  "pressure": 4.0,
  "results": [
    {
      "item": "electrodynamics:circuitelite",
	  "count": 2
    }
  ]
}