{
  "type": "pneumaticcraft:pressure_chamber",
  "inputs": [
    {
      "type": "pneumaticcraft:stacked_item",
      "item": "electrodynamics:platetitanium",
      "count": 2
    },
    {
       "type": "pneumaticcraft:stacked_item",
      "item": "electrodynamics:ceramicplate",
      "count": 2
    },
    {
       "type": "pneumaticcraft:stacked_item",
      "item": "pneumaticcraft:plastic",
      "count": 2
    }		
  ],
  "pressure": 5.0,
  "results": [
    {
      "item": "electrodynamics:compositeplatingraw",
	  "count": 2
    }
  ]
}