{
  "type": "pneumaticcraft:pressure_chamber",
  "inputs": [
    {
      "type": "pneumaticcraft:stacked_item",
      "item": "electrodynamics:compositeplatingraw",
      "count": 2
    },
    {
       "type": "pneumaticcraft:stacked_item",
      "item": "electrodynamics:oxidechromiumdisilicide",
      "count": 2
    },
    {
       "type": "pneumaticcraft:stacked_item",
      "item": "electrodynamics:oxidesodiumcarbonate",
      "count": 2
    },
    {
       "type": "pneumaticcraft:stacked_item",
      "item": "mekanism:enriched_carbon",
      "count": 2
    },
    {
       "type": "pneumaticcraft:stacked_item",
      "item": "mekanism:alloy_reinforced",
      "count": 4
    }		
  ],
  "pressure": 3.5,
  "results": [
    {
      "item": "mekanism:electrolytic_core",
	  "count": 1
    }
  ]
}