{
  "type": "pneumaticcraft:pressure_chamber",
  "inputs": [
    {
      "type": "pneumaticcraft:stacked_item",
      "item": "mekanism:ingot_steel",
      "count": 2
    },
    {
       "type": "pneumaticcraft:stacked_item",
      "item": "steampowered:cast_iron_ingot",
      "count": 2
    },
    {
       "type": "pneumaticcraft:stacked_item",
      "item": "pneumaticcraft:logistics_core",
      "count": 2
    },
    {
       "type": "pneumaticcraft:stacked_item",
      "item": "pneumaticcraft:advanced_pcb",
      "count": 1
    },
    {
       "type": "pneumaticcraft:stacked_item",
      "item": "electrodynamics:ingottitaniumcarbide",
      "count": 4
    }		
  ],
  "pressure": 4.0,
  "results": [
    {
      "item": "mekanism:steel_casing",
	  "count": 2
    }
  ]
}