{
  "type": "pneumaticcraft:pressure_chamber",
  "inputs": [
    {
      "type": "pneumaticcraft:stacked_item",
      "item": "electrodynamics:circuitbasic",
      "count": 2
    },
    {
       "type": "pneumaticcraft:stacked_item",
      "item": "create:electron_tube",
      "count": 6
    },
    {
       "type": "pneumaticcraft:stacked_item",
      "item": "createaddition:diamond_grit",
      "count": 2
    }	
  ],
  "pressure": 2.3,
  "results": [
    {
      "item": "electrodynamics:circuitadvanced",
	  "count": 2
    }
  ]
}